Pressure (p),Temperature (T),Time (t),Energy (E_total)
23.469616169301563,555.9184380593367,18.67394783672426,1.2454738933726914
35.200636303040405,522.0632017462387,13.075343522716269,1.0583243028065275
28.48855550932431,585.6008180479005,13.021146586604925,1.1118459100327038
46.779799727223036,519.4275515834947,12.092317817194651,1.040671835758363
49.22368341468322,528.1768908808749,17.59540207567052,1.2175685574193447
